{"px_coords": [[91.0, 44.0], [107.0, 155.0], [113.0, 332.0], [242.5, 220.5], [243.5, 139.5], [255.5, 44.0], [282.0, 336.0], [377.0, 95.0], [386.5, 214.5], [399.5, 325.0], [475.5, 43.0], [486.5, 192.0], [515.5, 312.5]], "T": [[-0.0007769389483722144, -3.497435313857067e-06, 0.23587612073369635], [6.2662797243932894e-06, 0.0007746740715274215, -0.675756656783996], [0.0, 0.0, 1.0]]}